<?xml version="1.0" encoding="UTF-8"?>
<project-private xmlns="http://www.netbeans.org/ns/project-private/1">
    <editor-bookmarks xmlns="http://www.netbeans.org/ns/editor-bookmarks/2" lastBookmarkId="0"/>
    <open-files xmlns="http://www.netbeans.org/ns/projectui-open-files/2">
        <group>
            <file>file:/C:/Users/farah/Desktop/Group_IAR_3-Release4.5/src/RandJLawFirm/addUser.java</file>
            <file>file:/C:/Users/farah/Desktop/Group_IAR_3-Release4.5/src/RandJLawFirm/ModifyClient.java</file>
            <file>file:/C:/Users/farah/Desktop/Group_IAR_3-Release4.5/src/RandJLawFirm/HomePage.java</file>
            <file>file:/C:/Users/farah/Desktop/Group_IAR_3-Release4.5/src/RandJLawFirm/Transaction.java</file>
            <file>file:/C:/Users/farah/Desktop/Group_IAR_3-Release4.5/src/RandJLawFirm/User.java</file>
            <file>file:/C:/Users/farah/Desktop/Group_IAR_3-Release4.5/src/RandJLawFirm/generatReport.java</file>
            <file>file:/C:/Users/farah/Desktop/Group_IAR_3-Release4.5/src/RandJLawFirm/modifyTransaction.java</file>
            <file>file:/C:/Users/farah/Desktop/Group_IAR_3-Release4.5/src/RandJLawFirm/Client.java</file>
        </group>
    </open-files>
</project-private>
