<?xml version="1.0" encoding="UTF-8"?>
<project-private xmlns="http://www.netbeans.org/ns/project-private/1">
    <editor-bookmarks xmlns="http://www.netbeans.org/ns/editor-bookmarks/2" lastBookmarkId="0"/>
    <open-files xmlns="http://www.netbeans.org/ns/projectui-open-files/2">
        <group>
            <file>file:/C:/Users/iijoo/OneDrive/Documents/NetBeansProjects/Group_IAR_3-Release4.7/src/RandJLawFirm/ViewCaseDetails.java</file>
            <file>file:/C:/Users/iijoo/OneDrive/Documents/NetBeansProjects/Group_IAR_3-Release4.7/src/RandJLawFirm/DeletTransaction.java</file>
            <file>file:/C:/Users/iijoo/OneDrive/Documents/NetBeansProjects/Group_IAR_3-Release4.7/src/RandJLawFirm/AddUser.java</file>
            <file>file:/C:/Users/iijoo/OneDrive/Documents/NetBeansProjects/Group_IAR_3-Release4.7/test/RandJLawFirm/UserJUnitTest.java</file>
            <file>file:/C:/Users/iijoo/OneDrive/Documents/NetBeansProjects/Group_IAR_3-Release4.7/src/RandJLawFirm/SignUp.java</file>
            <file>file:/C:/Users/iijoo/OneDrive/Documents/NetBeansProjects/Group_IAR_3-Release4.7/src/RandJLawFirm/AddTransaction.java</file>
        </group>
    </open-files>
</project-private>
